M_g_bytes,N,alpha_pack,avg_predicted_ms,avg_window_ms,k_compute_large,k_compute_mid,k_compute_small,k_count,k_digit,k_merge,k_suffix,max_window_ms,min_window_ms,mode,num_gpus,num_sms,prediction_error_pct,total_predicted_ms,total_window_time_ms,wbits,window_count
18840158208,1000000,2.8e-08,0.059562396875,0.06040885625,8.91,11.0854,5.84,7.97223e-10,1.01511e-10,1.74093e-09,7.60484e-10,0.0940609,0.0464744,even,2,48,-1.4012173504774759,1.9059967,1.9330834,8,32
18840158208,1000000,2.8e-08,0.059645003125,0.06011404375,8.91,11.0854,5.84,7.88579e-10,1.01382e-10,1.80112e-09,7.62623e-10,0.0940225,0.0464568,greedy,2,48,-0.780251328542509,1.9086401,1.9236494,8,32
