M_g_bytes,N,alpha_pack,avg_predicted_ms,avg_window_ms,k_compute_large,k_compute_mid,k_compute_small,k_count,k_digit,k_merge,k_suffix,max_window_ms,min_window_ms,mode,num_gpus,num_sms,prediction_error_pct,total_predicted_ms,total_window_time_ms,wbits,window_count
18840158208,5000000,2.8e-08,0.2556503125,0.23489671875,8.91,11.0854,5.84,7.87511e-10,1.07484e-10,1.58202e-09,7.10705e-10,0.398454,0.220146,even,2,48,8.83519951255171,8.18081,7.516695,8,32
18840158208,5000000,2.8e-08,0.255644125,0.236657375,8.91,11.0854,5.84,7.91176e-10,1.07475e-10,1.68262e-09,7.5136e-10,0.401346,0.220992,greedy,2,48,8.022885405536167,8.180612,7.573036,8,32
