M_g_bytes,N,alpha_pack,avg_predicted_ms,avg_window_ms,k_compute_large,k_compute_mid,k_compute_small,k_count,k_digit,k_merge,k_suffix,max_window_ms,min_window_ms,mode,num_gpus,num_sms,prediction_error_pct,total_predicted_ms,total_window_time_ms,wbits,window_count
18840158208,10000000,2.8e-08,0.50015790625,0.45284684375,8.91,11.0854,5.84,7.71774e-10,1.08614e-10,1.79874e-09,7.92377e-10,0.773763,0.436556,even,2,48,10.44747537781641,16.005053,14.491099,8,32
18840158208,10000000,2.8e-08,0.50023978125,0.46099265625,8.91,11.0854,5.84,1.57325e-09,1.08772e-10,1.68655e-09,7.5565e-10,0.790105,0.445784,greedy,2,48,8.513611761033339,16.007673,14.751765,8,32
