M_g_bytes,N,alpha_pack,avg_predicted_ms,avg_window_ms,k_compute_large,k_compute_mid,k_compute_small,k_count,k_digit,k_merge,k_suffix,max_window_ms,min_window_ms,mode,num_gpus,num_sms,prediction_error_pct,total_predicted_ms,total_window_time_ms,wbits,window_count
18840158208,60000000,2.8e-08,2.9439496875,2.7060396875,8.91,11.0854,5.84,1.53954e-09,1.09939e-10,1.81423e-09,8.11483e-10,5.80883,2.59743,even,2,48,8.7918148835354,94.20639,86.59327,8,32
18840158208,60000000,2.8e-08,2.9421375,2.6827959375,8.91,11.0854,5.84,1.53741e-09,1.10152e-10,1.61263e-09,7.05031e-10,5.08312,2.59976,greedy,2,48,9.66683894495796,94.1484,85.84947,8,32
