M_g_bytes,N,alpha_pack,avg_predicted_ms,avg_window_ms,k_compute_large,k_compute_mid,k_compute_small,k_count,k_digit,k_merge,k_suffix,max_window_ms,min_window_ms,mode,num_gpus,num_sms,prediction_error_pct,total_predicted_ms,total_window_time_ms,wbits,window_count
18840158208,35000000,2.8e-08,1.7219375,1.5837203125,8.91,11.0854,5.84,1.56405e-09,1.09505e-10,1.73981e-09,7.52635e-10,2.71255,1.52999,even,2,48,8.727373539953886,55.102,50.67905,8,32
18840158208,35000000,2.8e-08,1.7215681250000001,1.56704,8.91,11.0854,5.84,1.57227e-09,1.09542e-10,1.77337e-09,7.93511e-10,2.74419,1.52303,greedy,2,48,9.861147449969378,55.090180000000004,50.14528,8,32
